{
  "name": "misfits-in-miami",
  "title": "Misfits in Miami",
  "description": "",
  "version": "1.0.0",
  "system": "shadowrun5e",
  "coreVersion": "9.245",
  "systemVersion": "0.8.2",
  "minimumCoreVersion": "0.0.0",
  "compatibleCoreVersion": "1.0.0",
  "authors": [
    {
      "name": "R20Converter"
    }
  ],
  "packs": [],
  "scripts": [
    "templates/roll20-templates.js"
  ],
  "esmodules": [],
  "styles": [
    "templates/roll20-templates.css"
  ],
  "languages": [],
  "socket": false,
  "flags": {},
  "dependencies": [],
  "protected": false,
  "resetKeys": false,
  "safeMode": false
}